Artist,Title,Level,Color,Instrument,Style,Season,CardNo,Release,Playlist,Icon,Source,BPM,Key,Illustrator,Notes,ArtHash,CardHash
The Transformers,Main Title Song,2,Wild,Vocals|Keys|Drums|Keys,"Soundtrack, Dance/Electronic",P01,C001,2017-09-01,DM,,Promo,85,D Minor,Shawn Kenney,,73e605f276f97eab62a32841c27c92ae,
Darren Korb,Flutter Fly (From The Pyre Original Soundtrack),2,Wild,Horns|Guitar|Drums|Guitar,Soundtrack,P01,C002,4/5/2018,DM,,Promo,82,A Minor,Jen Zee,,34e0e8d9e05ce92eb258f83222c37873,
G.I. Joe,Main Title Theme (Remix),2,Wild,Vocals|Keys|Drums|Keys,"Soundtrack, Dance/Electronic",P01,C003,4/5/2018,DM,,Promo,94,G Major,Hector Garrido,,d339844578fd23a78737c4f256e5f34f,
Bruno Mars,24K Magic,2,Wild,Vocals|Keys|Drums|Keys,"Pop, R&B",S01,C001,2017-09-24,Sweets,,Gaming System,107,F Minor,Dan Stiles,,1a2f0983fabe92fbe5fd933f8d0306e1,7816fbeabb3fb3c1bae6ba257126c795
Carly Rae Jepsen,Call Me Maybe,2,Lead,Vocals,Pop,S01,C002,2017-09-24,Sweets,,Gaming System,120,G Major,Sander Berg,,60c17ebb421ba18a5e2d77fc175d739a,a73e3faa672db0450592a4bf70a2ecd7
Sia,Chandelier,3,Lead,Vocals,Pop,S01,C003,2017-09-24,Sweets,,Gaming System,87,Db Major,Lisk Feng,,8ff4534e044cccb9c33129ade79dd58d,ebc965d4e73713c9d2f4dd5c1c6122bc
Ricky Martin,La Mordidita (Ft. Yotuel),1,Loop,Horns,"Latin, Pop",S01,C004,2017-09-24,Sweets,,Gaming System,142,E Minor,Gianna Ruggiero,,6fbda3d5c388208c6531c967390e2090,c2fd4c42e791c2f240ca01d0effc9f7b
The Lingala Sound,Crystal Beach,1,Loop,Keys,"Pop, Dance/Electronic",S01,C005,2017-09-24,Sweets,,Gaming System,110,E Minor,Leonard Peng,,f2b59b11211b1dd07ddcc5d2ba95f7e3,addd2a50dd9a5615b49b5c50b0f61767
Sia,Chandelier,2,Loop,Keys,Pop,S01,C006,2017-09-24,Sweets,,Gaming System,87,Db Major,Lisk Feng,,ce19ca87b93f01c0395d9fe40c784bc5,bfae2518ea005991f0d897749da9b77d
Megan Trainor,All About That Bass,3,Loop,Guitar,"Pop, R&B",S01,C007,2017-09-24,Sweets,,Gaming System,134,A Major,Gianna Ruggiero,,33715336b59a2ed1e6efa7c0a93235f0,60603917f6362f0ee611f68b58f77297
Freda Turner,Hard Light,1,Beat,Drums,"Pop, Dance/Electronic",S01,C008,2017-09-24,Sweets,,Gaming System,128,n/a,David Medel,,320616fb271a1b74f756e5815fe07996,7c44392b3d586148550f474b1760c94c
The Lingala Sound,Crystal Beach,1,Beat,Drums,"Pop, Dance/Electronic",S01,C009,2017-09-24,Sweets,,Gaming System,110,n/a,Leonard Peng,,77397b3cb5e9a58ed820dc090776d928,00b35f3378c6b64885c1684ebdb3f2bc
CHVRCHES,The Mother We Share,2,Beat,Drums,Dance/Electronic,S01,C010,2017-09-24,Sweets,,Gaming System,87,n/a,Alison Polston,,19d1fdbcc24b80411f483c24a0599c7a,dc4a4574ae22638613b553bba2acf675
Ricky Martin,La Mordidita (Ft. Yotuel),3,Beat,Drums,"Latin, Pop",S01,C011,2017-09-24,Sweets,,Gaming System,142,n/a,Gianna Ruggiero,,51d141703425da33d81651473da9ab26,826b0cd5954141cdff5c02ec3c3e2c2c
Sam Hunt,House Party,2,Bass,Guitar,"Country, Pop",S01,C012,2017-09-24,Sweets,,Gaming System,104,Eb Major,Justin Santora,,9b5fb3f4b8550e4868729de1189d7a88,6601232eb921890f823cf353d7d88d45
Carly Rae Jepsen,Call Me Maybe,3,Bass,Strings,Pop,S01,C013,2017-09-24,Sweets,,Gaming System,120,G Major,Sander Berg,,a35d24e5d67207a0a6ac1be08d84ad81,b3dff683977e1609bc16ae8527bdb501
FX,Lift Your Voice,2,White,FX,Pop,S01,C014,2017-09-24,Sweets,,Gaming System,150,G Major,Kimberly Salt,Play an extra Vocals card,a2d668f0ec31c01abe4f297d05eb190d,71a5a679292d61d91119e909df2c8cb5
FX,Clear Your Mind,2,White,FX,Pop,S01,C015,2017-09-24,Sweets,,Gaming System,120,F Minor,Kimberly Salt,Clear 1 opponent card at random,2d0d16fd7ece4a30f6fb5efe107cc5fc,8ff81c8e1b399955b9117b52b87d415e
Childish Gambino,Heartbeat,2,Wild,Vocals|Keys|Drums|Keys,"Hip-Hop/Rap, R&B",S01,C016,2017-09-24,Highness,,Gaming System,120,E Minor,Gianna Ruggiero,,a69e280f12236a8f3042d34a271d1d0d,cf35fa5bdfb65317fb0f438127e97651
The Weeknd,Can't Feel My Face,2,Lead,Vocals,"R&B, Pop",S01,C017,2017-09-24,Highness,,Gaming System,108,A Minor,Justin Froning,,2632f5ff8c1cde71fd9e5b06934f28e7,50e6c1638287d2f62e349c7d3514a18e
A Tribe Called Quest,Scenario,3,Lead,Vocals,Hip-Hop/Rap,S01,C018,2017-09-24,Highness,,Gaming System,102,A Major,Dennis Brown,,51fc7bbfa38966790323351bea50b517,3aecb98217ce3b7d9476087cfe6e04be
Charm Syndicate,All Frazzled,1,Loop,Horns,Hip-Hop/Rap,S01,C019,2017-09-24,Highness,,Gaming System,87,B Minor,Leonard Peng,,dd5574cce72fdbe77deaa0827eeb7c39,01570d354172b5d37ae56929e5a6ea0f
Sean Paul,Temperature,1,Loop,Keys,"Reggae/Reggaeton, Hip-Hop/Rap",S01,C020,2017-09-24,Highness,,Gaming System,125,Bb Minor,Eric Oppitz,,bd9cb108cecbf16c5c4d624a6c281b4a,7d9f560b855caa8233d0a393c0225c15
Run DMC,It's Tricky,2,Loop,Guitar,Hip-Hop/Rap,S01,C021,2017-09-24,Highness,,Gaming System,128,F Minor,Jason Dettmer,,c4ba2b414aebfbd05688f72ca52a084d,3be0d15eaa478e6b7139dc0f513b46c1
Flo Rida,"I Don't Like It, I Love It",3,Loop,Guitar,"Hip-Hop/Rap, Pop",S01,C022,2017-09-24,Highness,,Gaming System,118,D Minor,Whitney Lam,,182165cfcbd09c986c3e60c39344bf25,0a10bbe99e2861b075bdbb8834bdf2b4
Bullwheel,Atomic Handbrake,1,Beat,Drums,Hip-Hop/Rap,S01,C023,2017-09-24,Highness,,Gaming System,129,n/a,Lokhaan,,a324e41a4990951e23cec6a08448297e,6b3a37d89148effb28a4986dadb91638
Charm Syndicate,All Frazzled,1,Beat,Drums,Hip-Hop/Rap,S01,C024,2017-09-24,Highness,,Gaming System,87,n/a,Leonard Peng,,d4d68370cc200f8037787ba695c55b5a,9a340233d964439546108eaffaecdd7d
Far East Movement,Like a G6,2,Beat,Drums,"Dance/Electronic, Hip-Hop/Rap",S01,C025,2017-09-24,Highness,,Gaming System,125,n/a,Lauren Saint Onge,,4004967c419b2d6c338dcb7f659bce95,c20550e9ca67d284624dbdb645902acf
Run DMC,It's Tricky,3,Beat,Drums,Hip-Hop/Rap,S01,C026,2017-09-24,Highness,,Gaming System,128,n/a,Jason Dettmer,,99fb3728355f1a25d4921d8c9e2c940f,6cd30d5a1a4ee393daca4d3b8a77bc6d
A Tribe Called Quest,Scenario,2,Bass,Guitar,Hip-Hop/Rap,S01,C027,2017-09-24,Highness,,Gaming System,102,A Major,Dennis Brown,,fa0eaffc497c55edceced0e0627c211b,5c2a6f9624a34bb092a3aef240d1a1c1
The Weeknd,Can't Feel My Face,3,Bass,Guitar,"R&B, Pop",S01,C028,2017-09-24,Highness,,Gaming System,108,A Minor,Justin Froning,,005a5eb940daf74239346733680257f7,43eeffca052e8814000e746ab39291b4
FX,Flame Out,2,White,FX,Hip-Hop/Rap,S01,C029,2017-09-24,Highness,,Gaming System,120,E Minor,Kevin Hong,+1 point for each Blue card,b70ce7f71ffdc2acee007f91a3f0df80,2907594eafb05fd92729a2fdbc9663d8
FX,Roll Up,3,White,FX,Hip-Hop/Rap,S01,C030,2017-09-24,Highness,,Gaming System,110,A Minor,Kevin Hong,Draw 1 card,874f0d05c486fcb5017ab748105d4fe7,b20d3b528aa572d26b916e91372fdeb6
Disturbed,Down With The Sickness,2,Wild,Vocals|Guitar|Drums|Guitar,Rock,S01,C031,2017-09-24,Blade,,Gaming System,90,Eb Minor,Vance Kelly,,7ae36aaf12aced9a6f91b81dbd312da0,29309d062a1ba8cb34134f15d900e725
Evanescence,Bring Me To Life,2,Lead,Vocals,Rock,S01,C032,2017-09-24,Blade,,Gaming System,95,E Minor,Kate O'Hara,,8cca56c2fc05459247b71e28984d4bc3,1d63aa2f59d432e562911c38589c6133
Ed Sheeran,Sing,3,Lead,Vocals,"Pop, Rock",S01,C033,2017-09-24,Blade,,Gaming System,120,Ab Minor,Ashley Mackenzie,,bf4879256056bf1bff9bf76d98f72f32,be59650b1831682f7639ee08123332c1
Ed Sheeran,Sing,1,Loop,Guitar,"Pop, Rock",S01,C034,2017-09-24,Blade,,Gaming System,120,Ab Minor,Ashley Mackenzie,,0716e0bc4f351904c2dcd68bc7ffc2b8,80cf732b232212626494d3ab57a0a94c
Warlords of the Old West,Strychnine Baby,1,Loop,Guitar,Rock,S01,C035,2017-09-24,Blade,,Gaming System,140,D Minor,Joe Triscari,,8994eb2107cf3ec1b6997b0f0edf1971,903e270bf9fb58f89e3dc8286de48fcb
Cake,Short Skirt Long Jacket,2,Loop,Horns,Rock,S01,C036,2017-09-24,Blade,,Gaming System,120,D Major,Tanner Griepentrog,,2bede49db755eb0ed9ae48b802913d4d,a7871c4878b97af7d0daefa3242c7d52
Weezer,King of the World,3,Loop,Guitar,"Rock, Pop",S01,C037,2017-09-24,Blade,,Gaming System,80,Gb Major,Hannah Lawler,,d7a5a64f1f9cf14f0d412a5209ed9302,e66b47c431754628e88b087e5af149b2
Pinhole Cage,Just About To Snap,1,Beat,Drums,Rock,S01,C038,2017-09-24,Blade,,Gaming System,120,n/a,Anthony Petrie,,b9b6e384822e89d29b21f117a8c3a436,38ef15c7e20c6eceb3d04902ebad9ec5
Warlords of the Old West,Strychnine Baby,1,Beat,Drums,Rock,S01,C039,2017-09-24,Blade,,Gaming System,140,n/a,Joe Triscari,,13fcf7321698522dec2a0069b62cf33b,6a506b4425f5d297104aaa261d5e7349
Cake,Short Skirt Long Jacket,2,Beat,Drums,Rock,S01,C040,2017-09-24,Blade,,Gaming System,120,n/a,Tanner Griepentrog,,052ce61d018f5a0be6dfb5389a9b5dfb,3d36e246571bcffdae91c8c7fd60e616
Imagine Dragons,Radioactive,3,Beat,Drums,"Rock, Pop",S01,C041,2017-09-24,Blade,,Gaming System,137,n/a,Lauren Saint Onge,,34f6efd06d55c408cf0890507abbd18a,348d30e725acb90b30f92ed947a23b55
Fall Out Boy,Centuries,2,Bass,Guitar,"Rock, Pop",S01,C042,2017-09-24,Blade,,Gaming System,88,E Minor,YONIL,,e4b0d0b86f4af090cb274a09601dbe8b,b88bf34f097d3e54d3f03727c8103cc0
Evanescence,Bring Me To Life,3,Bass,Guitar,Rock,S01,C043,2017-09-24,Blade,,Gaming System,95,E Minor,Kate O'Hara,,9129e0fd70a3fa59e0e607153c9b6832,d3b5bf6085b6f1098f1c599531dea2c5
FX,Strings of Fate,2,White,FX,Rock,S01,C044,2017-09-24,Blade,,Gaming System,120,A Major,Vance Kelly,Play an extra Guitar card,ccb952744e5926eb0d20d227fc592f4b,8b36f8013b35dbd59f00fb984293cc05
FX,The Heartless One,2,White,FX,Rock,S01,C045,2017-09-24,Blade,,Gaming System,120,E Minor,Vance Kelly,Clear all opponent Blue cards,0687b88da11b21cd28b3fab05df880ae,e2b7b1588dee448b7d1ba26b39c2b02f
Skrillex,Bangarang,2,Wild,Vocals|Guitar|Drums|Keys,Dance/Electronic,S01,C046,2017-09-24,Controller,,Gaming System,110,G Minor,Gianna Ruggiero,,c7445477711f810ace8a7a10fa6a3750,ade7a4fc5123047f6c237a7d1084160a
The Chainsmokers,Closer,2,Lead,Vocals,"Dance/Electronic, Pop",S01,C047,2017-09-24,Controller,,Gaming System,95,F Minor,Kevin Hong,,e68a28bbf6b18f5e02db175ddd8b6f96,e45b34f07a18cbef32c757d267d53125
Jason Derulo,Want to Want Me,3,Lead,Vocals,"Pop, R&B",S01,C048,2017-09-24,Controller,,Gaming System,114,Eb Major,Alex Dos Diaz,,86aebbddde91e943e7600d0905a01de7,2f6a71daab4306265a2b7686a984f5dc
James Landino,Break For Me,1,Loop,Keys,"Dance/Electronic, Pop",S01,C049,2017-09-24,Controller,,Gaming System,121,F Minor,Bryan Olson,,21d732f85051fbe56ffb8b559ec188d1,0b8334cd2e3dea848b60e78417b6a3c8
The Chainsmokers,Closer,1,Loop,Guitar,"Dance/Electronic, Pop",S01,C050,2017-09-24,Controller,,Gaming System,95,F Minor,Kevin Hong,,a42811e9727bf8263938f821badf6b51,3c9db320bcf08dc72dbf5f0749c7dd1f
ODESZA,Say My Name,2,Loop,Keys,Dance/Electronic,S01,C051,2017-09-24,Controller,,Gaming System,115,B Minor,Lauren Saint Onge,,575b1a8e88742429090347ec6c9b6208,8d8d37e9984b4d75b0b36e6f4199157c
Afrojack,Take Over Control,3,Loop,Keys,Dance/Electronic,S01,C052,2017-09-24,Controller,,Gaming System,130,C Minor,Luke Drozd,,eb78538ad21714a928ba2eb35cab84bb,766d6fac9f557ed14cce49d7352a538f
Billzantium,Wishin' I Had It Now,1,Beat,Drums,Dance/Electronic,S01,C053,2017-09-24,Controller,,Gaming System,150,n/a,Elio Moavero,,fac1e255c7cffccf15c6c48c128c7217,6bd1416e695d2bc18a5588bb609a2660
James Landino,Break For Me,1,Beat,Drums,"Dance/Electronic, Pop",S01,C054,2017-09-24,Controller,,Gaming System,121,n/a,Bryan Olson,,a35f558726ce0749d93eaae74af70fd7,e9ba5caf9b631e186b0284e8b543a6e4
Afrojack,Take Over Control,2,Beat,Drums,Dance/Electronic,S01,C055,2017-09-24,Controller,,Gaming System,130,n/a,Luke Drozd,,810885ec138b75d7e84d9f26d9ed4f1c,5b3db8770c22f7f3fe7879d86a0d511a
Duck Sauce,Barbra Streisand,3,Beat,Drums,Dance/Electronic,S01,C056,2017-09-24,Controller,,Gaming System,128,n/a,F4D Studios,,70a1be753c4b2475ca6bcbfff0f95f6d,2765abda4853c876937c226a2c4eb085
Jason Derulo,Want to Want Me,2,Bass,Guitar,"Pop, R&B",S01,C057,2017-09-24,Controller,,Gaming System,114,Eb Major,Alex Dos Diaz,,88a83a675250433d0f2dbae2163c9c65,a3f8ce9ebf71867c7b98b855db915fa7
LMFAO,Sexy And I Know It,3,Bass,Keys,"Dance/Electronic, Hip-Hop/Rap",S01,C058,2017-09-24,Controller,,Gaming System,130,G Minor,Chris E. O'Neill,,2af6cfdb6aafcbe953f5d377921e439b,fcbf434f24b31fa2148c23f9fbfd9fd0
FX,Assert Order,2,White,FX,Dance/Electronic,S01,C059,2017-09-24,Controller,,Gaming System,128,E Minor,Zach Johnsen,+2 points for a Green card,7afe5ebe3b57069b5e959eae2b10472b,75ebdfebf737499f9538846eccb3ff90
FX,Embrace Chaos,2,White,FX,Dance/Electronic,S01,C060,2017-09-24,Controller,,Gaming System,95,G Minor,Zach Johnsen,-2 points from opponent,f60f6ac3747b74cfb8b13998608022ca,5a60a966cd4ee06b1777f2986d69389c
Rick James,Super Freak,2,Wild,Vocals|Keys|Drums|Guitar,"R&B, Dance/Electronic",S01,C061,2017-09-24,Derby,,Playlist Pack,132,A Minor,FREAK CITY,,ccf4d107b0d852537ad8369767e7a61c,7911ec433a3f7ba576699b65cc808484
The Jackson 5,I Want You Back,2,Lead,Vocals,"R&B, Pop",S01,C062,2017-09-24,Derby,,Playlist Pack,98,Ab Major,Conor Nolan,,8cfd1c21f4de80b630d110d5b4825a55,e3e40485b4662325e915f81b74b39d26
Gloria Gaynor,I Will Survive,3,Lead,Vocals,"R&B, Dance/Electronic",S01,C063,2017-09-24,Derby,,Playlist Pack,116,A Minor,FREAK CITY,,2a59dcc69a23c159d339e231ff7067b1,cc31eb4b905f3c724e349e38b92ef54b
Candy Kettles,Dexting,1,Loop,Sampler,"Pop, Dance/Electronic",S01,C064,2017-09-24,Derby,,Playlist Pack,145,A Minor,Sean Mort,,c38823a1b740e0b95c353b4687ff4c1e,373027d1b62b1fedf27a00280805b3c2
Marlon Kane,This Is How You Left Me,1,Loop,Guitar,R&B,S01,C065,2017-09-24,Derby,,Playlist Pack,80,A Minor,Ben Chlapek,,7862e23e6fda41384c34d4c684aa127c,e30c5958239447ff527606d3e1afe832
Freda Turner,Hard Light,2,Loop,Keys,Pop,S01,C066,2017-09-24,Derby,,Playlist Pack,128,E Minor,David Medel,,2e7e21e256f596dce5222ff279179355,9cdd7cfcdbaa39c9d38a64f210e80d99
The Jackson 5,I Want You Back,3,Loop,Guitar,"R&B, Pop",S01,C067,2017-09-24,Derby,,Playlist Pack,98,Ab Major,Conor Nolan,,0ba42ecd773809651cbb570695e67eb0,c157b6dee9a463ab019e5285bf3aae7a
Carly Rae Jepsen,Call Me Maybe,1,Beat,Drums,Pop,S01,C068,2017-09-24,Derby,,Playlist Pack,120,n/a,Sander Berg,,93c966838780ec8b305eccf2d4780eae,b4f30368f54fef0ddb45dd8c2024bf63
Marlon Kane,This Is How You Left Me,1,Beat,Drums,R&B,S01,C069,2017-09-24,Derby,,Playlist Pack,80,n/a,Ben Chlapek,,020d1a0cdc526079ed9d4fc9f0396f38,9c0626744994c6a4d363da918b4b2280
Candy Kettles,Dexting,2,Beat,Drums,"Pop, Dance/Electronic",S01,C070,2017-09-24,Derby,,Playlist Pack,145,n/a,Sean Mort,,75004aa5cec28d78801e4d031d68fc06,bf1e848bbcc3e9c0e17e493bed7161a5
Megan Trainor,All About That Bass,3,Beat,Drums,"Pop, R&B",S01,C071,2017-09-24,Derby,,Playlist Pack,134,n/a,Gianna Ruggiero,,6f5963a42b0a36c4351d0433114efb3b,72213077e42908aa1281f5d5afa70a14
Gloria Gaynor,I Will Survive,2,Bass,Guitar,"R&B, Dance/Electronic",S01,C072,2017-09-24,Derby,,Playlist Pack,116,A Minor,FREAK CITY,,92e1114be675fa534ba76b81fd296871,933bac702813053ff5235a61602f215c
Sia,Chandelier,3,Bass,Keys,Pop,S01,C073,2017-09-24,Derby,,Playlist Pack,87,Db Major,Lisk Feng,,984921fa69dc6c99e886a965251cf7c3,8fd5247f596141f7c46dbbd08508278c
FX,Searching Within,2,White,FX,Pop,S01,C074,2017-09-24,Derby,,Playlist Pack,120,F Minor,Elio Moavero,"Search your deck for a card, draw it, then shuffle your deck",ef33e26b776caa6c5f4738cbaa737ec8,959268c0682bc39449a090d36fedab9f
FX,Kicking It Out,2,White,FX,Pop,S01,C075,2017-09-24,Derby,,Playlist Pack,112,E Minor,Elio Moavero,"+3 points for a Green, Blue, Red, Yellow set",4d9a065694a99cfb929af448633675b6,c98537e24e32bb2ecaeda14b078dc33d
Ginuwine,Pony,2,Wild,Vocals|Keys|Drums|Vocals,R&B,S01,C076,2017-09-24,Mirrors,,Playlist Pack,80,Db Minor,Todd Slater,,1ae4ea0386cb5c645eacbc0e11fcb99f,f0b5bc24f38535305efd5406c231a323
Salt-N-Pepa,Push It,2,Lead,Vocals,Hip-Hop/Rap,S01,C077,2017-09-24,Mirrors,,Playlist Pack,130,A Minor,Jesse Philips,,26c4e18ec8744caa08c117f1e24e1c4b,7e7b4a3f1c24ef1d403f11776ce2e348
Outkast,Ms. Jackson,3,Lead,Vocals,Hip-Hop/Rap,S01,C078,2017-09-24,Mirrors,,Playlist Pack,97,C Major,Irena Zablotska,,f6c7de3479d4a2e0ce422b13f254c049,dde135f86b6cb476c3102567461d6cf4
Bignums,Larry's Place (Part II),1,Loop,Sampler,Hip-Hop/Rap,S01,C079,2017-09-24,Mirrors,,Playlist Pack,150,E Minor,Jim Mazza,,16cf8393de031716499acdfef34cfaf7,9dc46a9d50ace1784372ee65104f2847
Bullwheel,Atomic Handbrake,1,Loop,Keys,Hip-Hop/Rap,S01,C080,2017-09-24,Mirrors,,Playlist Pack,129,Eb Minor,Lokhaan,,4b7972ebfe297e0861a20828f636e600,021f5f5188b12ed3767a688de218df30
Dillzan Madan,Main Mistar Praim Hoon (I Am Mister Prime),2,Loop,Guitar,"Soundtrack, Pop",S01,C081,2017-09-24,Mirrors,,Playlist Pack,128,E Minor,Anne Szabla,,51c19f908db91622303e02673c8edb80,d9867c56589c61b5ced3033120bcdf37
Salt-N-Pepa,Push It,3,Loop,Keys,Hip-Hop/Rap,S01,C082,2017-09-24,Mirrors,,Playlist Pack,130,A Minor,Jesse Philips,,a9ccd65d8c6b20f7612c375c718f2115,8f4dc6008c1c820bb05106a62d226a8a
Sean Paul,Temperature,1,Beat,Drums,"Reggae/Reggaeton, Hip-Hop/Rap",S01,C083,2017-09-24,Mirrors,,Playlist Pack,125,n/a,Eric Oppitz,,fef444fea482e527e55da26ccc8b4d2d,8ef4b771792077ccea0e366a82ce1e59
The Weeknd,Can't Feel My Face,1,Beat,Drums,"R&B, Pop",S01,C084,2017-09-24,Mirrors,,Playlist Pack,108,n/a,Justin Froning,,f5616d5425fc1eb46791e6fe97375ecf,39fc4489c6da345509a322c401b6eb84
Dillzan Madan,Main Mistar Praim Hoon (I Am Mister Prime),2,Beat,Drums,"Soundtrack, Pop",S01,C085,2017-09-24,Mirrors,,Playlist Pack,128,n/a,Anne Szabla,,514187bf68b1fdc0e2dd732dca2ab988,9f73d86753701b248367db83324cd418
A Tribe Called Quest,Scenario,3,Beat,Drums,Hip-Hop/Rap,S01,C086,2017-09-24,Mirrors,,Playlist Pack,102,n/a,Dennis Brown,,978347378298deaf3a595c42a871be62,44ecfbcec4ad1396c8057e39e50a191b
Bullwheel,Atomic Handbrake,2,Bass,Horns,Hip-Hop/Rap,S01,C087,2017-09-24,Mirrors,,Playlist Pack,129,Eb Minor,Lokhaan,,aab38fac290de08f3bfebd99c56211c6,09bdb59893c6d508f8328578bbb196df
Outkast,Ms. Jackson,3,Bass,Guitar,Hip-Hop/Rap,S01,C088,2017-09-24,Mirrors,,Playlist Pack,97,C Major,Irena Zablotska,,673cb3d493ff04c1d6ac91c545985358,ed9d849cae95f289264fcde687c418e3
FX,Lay It Down,2,White,FX,Hip-Hop/Rap,S01,C089,2017-09-24,Mirrors,,Playlist Pack,105,n/a,Elio Moavero,Play an extra Red card,c970be893ca7bc0ca54fca597215313a,c21e3af384ed49cc7401e10265c3aefe
FX,Bust It Up,2,White,FX,Hip-Hop/Rap,S01,C090,2017-09-24,Mirrors,,Playlist Pack,103,Bb Minor,Elio Moavero,+2 points for each Drums / Vocals Pair,f409bf0f3bd36802b3b783f6b8180119,6ed38b9c12a7eb6f5b201f50a2e6f250
Blink-182,All The Small Things,2,Wild,Vocals|Guitar|Drums|Guitar,"Rock, Pop",S01,C091,2017-09-24,Ouroboros,,Playlist Pack,148,C Major,Gianna Ruggiero,,b851d528625b0c21f33bf73c97e83856,a860a76035e122d11511a163327a7b59
Walk the Moon,Shut Up And Dance,2,Lead,Vocals,"Rock, Pop",S01,C092,2017-09-24,Ouroboros,,Playlist Pack,128,Db Major,Daniela López,,9de43df6d39764d58f232e2558b940f2,e5c39b96e91e71ef87c9625082bc0486
Panic! At the Disco,Emperor's New Clothes,3,Lead,Vocals,"Rock, Pop",S01,C093,2017-09-24,Ouroboros,,Playlist Pack,95,Eb Minor,Zach Johnsen,,ad494b935bbb0ec04a8342b5c254c3ad,cacbc914f1df7241761f2fc1a4ec1323
Evanescence,Bring Me To Life,1,Loop,Strings,Rock,S01,C094,2017-09-24,Ouroboros,,Playlist Pack,95,E Minor,Kate O'Hara,,076c37424b5b70ad7d8e061aa8b26819,beea5b8f9cb2c24eb1b37f44834445bc
Nightfeels,Find You,1,Loop,Guitar,"Rock, Pop",S01,C095,2017-09-24,Ouroboros,,Playlist Pack,150,A Minor,James Weinberg,,09474dba243038c417b690da810b2324,2857173b6d09877b4f0002fa6de420d7
A Clutch of Heart Shards,In Honor Of...,2,Loop,Guitar,"Rock, Pop",S01,C096,2017-09-24,Ouroboros,,Playlist Pack,132,B Major,Gianna Ruggiero,,292a114b3d2fbfb49df85760ec82e4c4,bc7205e639c997646503b9d3a0354488
Walk the Moon,Shut Up And Dance,3,Loop,Guitar,"Rock, Pop",S01,C097,2017-09-24,Ouroboros,,Playlist Pack,128,Db Major,Daniela López,,d1ede4c9bde3ed5dfc71f084af30d61a,30aa93a9487526868f396c4b1c2929db
A Clutch of Heart Shards,In Honor Of...,1,Beat,Drums,"Rock, Pop",S01,C098,2017-09-24,Ouroboros,,Playlist Pack,132,n/a,Gianna Ruggiero,,2d2a009627a9c974d18c638aba9c51e9,3fe6485c14acd84825641c16a5b407c1
Nightfeels,Find You,1,Beat,Drums,"Rock, Pop",S01,C099,2017-09-24,Ouroboros,,Playlist Pack,150,n/a,James Weinberg,,66ba8e5688e428b99098175bcef8be32,4d2804021da39b49354626e31f07fdf7
Weezer,King of the World,2,Beat,Drums,"Rock, Pop",S01,C100,2017-09-24,Ouroboros,,Playlist Pack,80,n/a,Hannah Lawler,,144613baf2475a9d38aab51ad4e1dac4,b4b662b1efcaa2ebe3a61f3c50dc7f24
Panic! At the Disco,Emperor's New Clothes,3,Beat,Drums,"Rock, Pop",S01,C101,2017-09-24,Ouroboros,,Playlist Pack,95,n/a,Zach Johnsen,,46321d718cf9779a6c5dcda6d9ce7c02,eddf4e950cb370c59e1ff7cb9eecb188
A Clutch of Heart Shards,In Honor Of...,2,Bass,Guitar,"Rock, Pop",S01,C102,2017-09-24,Ouroboros,,Playlist Pack,132,B Major,Gianna Ruggiero,,9b7577dec9de5286c6ba909630e5988f,b45ce5e1aa310464eb8be090409a682b
Ed Sheeran,Sing,3,Bass,Guitar,"Pop, Rock",S01,C103,2017-09-24,Ouroboros,,Playlist Pack,120,Ab Minor,Ashley Mackenzie,,a98f40a64d35c450bfdf36653d1be079,d9031f4bf089c7ca5d44c9c1d595a221
FX,The Shoreline,2,White,FX,Rock,S01,C104,2017-09-24,Ouroboros,,Playlist Pack,120,E Minor,Chris Koehler,+1 point for each Red card,645ed81cb97877b8a529710cf2e7d621,82983dcb4ac2c4a9944d7bef913f2e3e
FX,The Depths,2,White,FX,Rock,S01,C105,2017-09-24,Ouroboros,,Playlist Pack,140,Bb Minor,DKNG Studios LLC,Draw 2 cards,77da0da0281725d84ee43edc4510de4d,8d125950c2a8af08c086a4bbc857793b
MGMT,Kids,2,Wild,Vocals|Keys|Drums|Keys,"Rock, Dance/Electronic",S01,C106,2017-09-24,Astro,,Playlist Pack,123,A Major,Todd Slater,,aec59f31fcc5fd5918e5e2dd34729b46,2373e74fda5a101c5011928a0d04cd30
Miike Snow,Genghis Khan,2,Lead,Vocals,Dance/Electronic,S01,C107,2017-09-24,Astro,,Playlist Pack,94,D Minor,Saeed Abu-Jaber,,636d9070011532bd78ea6eb3d51f6723,94e4a8cb1cd2c00c976f700eb1cb99f9
ODESZA,Say My Name,3,Lead,Vocals,Dance/Electronic,S01,C108,2017-09-24,Astro,,Playlist Pack,115,B Minor,Lauren Saint Onge,,133e9353373ca0d5dbb63af04f12185a,35bbf5a231abc495850a2fe32290aef6
Miike Snow,Genghis Khan,1,Loop,Keys,Dance/Electronic,S01,C109,2017-09-24,Astro,,Playlist Pack,94,D Minor,Saeed Abu-Jaber,,1c4eb1b74cbc1cf1eb51a00bd9bfd594,7db9cbabea11a2c294750b5d98bcdf33
The Venona Project,Fermionic,1,Loop,Keys,Dance/Electronic,S01,C110,2017-09-24,Astro,,Playlist Pack,150,D Minor,Jesse Philips,,f4b9a73ba37e79333598691a8eead3e0,b041883b87c4ce6d82a4bacd32f7a7d2
Crackcase,Somatic,2,Loop,Sampler,Dance/Electronic,S01,C111,2017-09-24,Astro,,Playlist Pack,150,F Minor,Bryan Olson,,731958b0894e746b9a43698503a1988d,135dcb89c4cdba763804f42ef38b0eb8
Jason Derulo,Want to Want Me,3,Loop,Keys,"Pop, R&B",S01,C112,2017-09-24,Astro,,Playlist Pack,114,Eb Major,Alex Dos Diaz,,ff390669d278f6768072b05ac4ee7334,c2a8b86701dcceb48d67ae523083eafb
LMFAO,Sexy And I Know It,1,Beat,Drums,"Dance/Electronic, Hip-Hop/Rap",S01,C113,2017-09-24,Astro,,Playlist Pack,130,n/a,Chris E. O'Neill,,06d4a7d3c4f0e38c5ea0e905df2b6c38,7197582c05b35639da3174aff5efdaa9
ODESZA,Say My Name,1,Beat,Drums,Dance/Electronic,S01,C114,2017-09-24,Astro,,Playlist Pack,115,n/a,Lauren Saint Onge,,5ae5eb41588b5468d8e869a91bedb517,2b8e89598bdb575158a20117def5a35e
Crackcase,Somatic,2,Beat,Drums,Dance/Electronic,S01,C115,2017-09-24,Astro,,Playlist Pack,150,n/a,Bryan Olson,,c31783197327e09bba175882fd63ac3b,889765aca4a39d7b86f03b533fb884e2
The Venona Project,Fermionic,3,Beat,Drums,Dance/Electronic,S01,C116,2017-09-24,Astro,,Playlist Pack,150,n/a,Jesse Philips,,ea438e2de5e7b224cddeded44573be68,c26b7f05e8f12ea684d54f45e7064aa9
The Chainsmokers,Closer,2,Bass,Keys,"Dance/Electronic, Pop",S01,C117,2017-09-24,Astro,,Playlist Pack,95,F Minor,Kevin Hong,,13989b6f6cb2587f160a344090617b4e,2ff2eebca233a664a029589f6f459072
The Venona Project,Fermionic,3,Bass,Keys,Dance/Electronic,S01,C118,2017-09-24,Astro,,Playlist Pack,150,D Minor,Jesse Philips,,02c4649bb4cc365d5b6b499fa644372a,a2224ff942f12843daafa7368dba3e94
FX,Component Synthesis,2,White,FX,Dance/Electronic,S01,C119,2017-09-24,Astro,,Playlist Pack,132,F Minor,Leonard Peng,+2 points for each pair of cards from the same song,4e82b2d082e903a0e62149c1448199ff,c37b542c4816959fc91be04017b818c6
FX,Dimensional Shift,2,White,FX,Dance/Electronic,S01,C120,2017-09-24,Astro,,Playlist Pack,150,E Minor,Leonard Peng,"Shuffle your hand into your deck, then draw the same number of cards",94dd1ee54ba32e7862161a7c2a5965ff,2530990105f070bd861e8163dfb2fca1
Carrie Underwood,Blown Away,2,Wild,Vocals|Strings|Drums|Keys,"Country, Pop",S01,C121,2018-01-24,Lucky,,Playlist Pack,137,A Minor,Lauren Saint Onge,,f1cf91969059dcd82dcbadbd3c17e430,
Zac Brown Band,Homegrown,2,Lead,Vocals,Country,S01,C122,2018-01-24,Lucky,,Playlist Pack,105,Gb Major,Charlie Wagers,,ece012bed01821a24b90af70758313c2,
Big & Rich,Save A Horse (Ride A Cowboy),3,Lead,Vocals,Country,S01,C123,2018-01-24,Lucky,,Playlist Pack,102,E Major,Adam Hill,,b0e69e91371c93f971d32b1076bfe2ba,
Boot Steel,Rowdier The Better,1,Loop,Guitar,"Country, Pop",S01,C124,2018-01-24,Lucky,,Playlist Pack,99,E Major,Eric Nyffeler,,babec598d0596816add232344b8bea41,
The Last Cavallard,Abilene And Down,1,Loop,Guitar,Country,S01,C125,2018-01-24,Lucky,,Playlist Pack,118,C Major,Half Hazard Press,,cf9adbe2ae39557be7b991e7d1e3d1bb,
Big & Rich,Save A Horse (Ride A Cowboy),2,Loop,Guitar,Country,S01,C126,2018-01-24,Lucky,,Playlist Pack,102,E Major,Adam Hill,,16fd0f4ff283b430a587a78bcf17de3a,
Sam Hunt,House Party,3,Loop,Guitar,"Country, Pop",S01,C127,2018-01-24,Lucky,,Playlist Pack,104,Eb Major,Justin Santora,,c4e5cf02276563ab163db4099b819801,
The Last Cavallard,Abilene And Down,1,Beat,Drums,Country,S01,C128,2018-01-24,Lucky,,Playlist Pack,118,n/a,Half Hazard Press,,7fc0a9118277ecdbc69e36d1520a9fff,
Zac Brown Band,Homegrown,1,Beat,Drums,Country,S01,C129,2018-01-24,Lucky,,Playlist Pack,105,n/a,Charlie Wagers,,ec4ecbe5ae95d69918c4c9a3fffd1b77,
Sam Hunt,House Party,2,Beat,Drums,"Country, Pop",S01,C130,2018-01-24,Lucky,,Playlist Pack,104,n/a,Justin Santora,,23e62cbd72ac27972b4e34e3fef43f4e,
Poison,Every Rose Has Its Thorn,3,Beat,Drums,Rock,S01,C131,2018-01-24,Lucky,,Playlist Pack,82,n/a,Michael Byzewski,,bfa9f4aba119fef0b2ddd670a5bb33c1,
Poison,Every Rose Has Its Thorn,2,Bass,Guitar,Rock,S01,C132,2018-01-24,Lucky,,Playlist Pack,82,Gb Major,Michael Byzewski,,ca4853484c4c74c6ded960dd4f4a6f7c,
The Last Cavallard,Abilene And Down,3,Bass,Guitar,Country,S01,C133,2018-01-24,Lucky,,Playlist Pack,118,C Major,Half Hazard Press,,5025493885fe5907a0c91b2a8939eb76,
FX,Quiet Wisdom,2,White,FX,Country,S01,C134,2018-01-24,Lucky,,Playlist Pack,120,G Major,Todd Slater,+1 point for each empty mix slot,2e50aa3060f5623112a1aa61ce1b99ca,
FX,Ill Omen,3,White,FX,Country,S01,C135,2018-01-24,Lucky,,Playlist Pack,124,D Minor,Anthony Petrie,Extra equalizer spin,f9e7d37b3d433acc26a7492a07dc119f,
Fifth Harmony,Work From Home,2,Wild,Vocals|Keys|Drums|Keys,"Pop, R&B",S01,C136,2017-11-30,Flawless,,Playlist Pack,105,Ab Major,Dan Stiles,,646fc93b174063b368e65f8a9808ff2c,
TLC,No Scrubs,2,Lead,Vocals,"R&B, Pop",S01,C137,2017-11-30,Flawless,,Playlist Pack,93,Ab Minor,Kimberly Salt,,3be6161e99dabde205d0850ad3a0bb4f,
Megan Trainor,All About That Bass,3,Lead,Vocals,"Pop, R&B",S01,C138,2017-11-30,Flawless,,Playlist Pack,134,A Major,Gianna Ruggiero,,5cf629deee7edfa6cf201d876dfbaa4d,
Danny Humbles,Cherry Cordial,1,Loop,Keys,Pop,S01,C139,2017-11-30,Flawless,,Playlist Pack,128,B Minor,Leslie Herman,,ab240f88349660953eb23b9d1bf03e21,
Outkast,Ms. Jackson,1,Loop,Keys,Hip-Hop/Rap,S01,C140,2017-11-30,Flawless,,Playlist Pack,97,C Major,Irena Zablotska,,1fa37110548ee28958142e8b3efe2129,
TLC,No Scrubs,2,Loop,Guitar,"R&B, Pop",S01,C141,2017-11-30,Flawless,,Playlist Pack,93,Ab Minor,Kimberly Salt,,601bddcf80ecace6b31d4d6c800aa742,
Blanks,Hart and 12th,3,Loop,Keys,Dance/Electronic,S01,C142,2017-11-30,Flawless,,Playlist Pack,130,Bb Minor,Sophia Foster-Dimino,,2b3a1e397f30a7af535728891b76fe44,
Flo Rida,"I Don't Like It, I Love It",1,Beat,Drums,"Hip-Hop/Rap, Pop",S01,C143,2017-11-30,Flawless,,Playlist Pack,118,n/a,Whitney Lam,,6f14db5c8713e9f7aa9ba0484c8c4e63,
Outkast,Ms. Jackson,1,Beat,Drums,Hip-Hop/Rap,S01,C144,2017-11-30,Flawless,,Playlist Pack,97,n/a,Irena Zablotska,,83905aaa0b432726ff893ca6905a7516,
Blanks,Hart and 12th,2,Beat,Drums,Dance/Electronic,S01,C145,2017-11-30,Flawless,,Playlist Pack,130,n/a,Sophia Foster-Dimino,,cfdf2c04411bb33865ba43cb0bed2ff4,
Danny Humbles,Cherry Cordial,3,Beat,Drums,Pop,S01,C146,2017-11-30,Flawless,,Playlist Pack,128,n/a,Leslie Herman,,ab90018d1784e89f4d30af57a7d59039,
Megan Trainor,All About That Bass,2,Bass,Guitar,"Pop, R&B",S01,C147,2017-11-30,Flawless,,Playlist Pack,134,A Major,Gianna Ruggiero,,977d1e97108800263ccbb64d7ea664d9,
Danny Humbles,Cherry Cordial,3,Bass,Keys,Pop,S01,C148,2017-11-30,Flawless,,Playlist Pack,128,B Minor,Leslie Herman,,ba5e2ac4fcaeb8daa187b0abe8d5c249,
FX,The Dominant,2,White,FX,Pop,S01,C149,2017-11-30,Flawless,,Playlist Pack,145,F Minor,Shoko Ishida,+2 points for each Vocals card,0aa30e360772e5623b44b326118256c0,
FX,The Triumphant,3,White,FX,Pop,S01,C150,2017-11-30,Flawless,,Playlist Pack,145,B Minor,Shoko Ishida,+2 points for each Blue / Red pair,2afdc8b8c1fb6c54921f0cef3cb5c6a8,
Anderson .PAAK,Am I Wrong (Ft. Schoolboy Q),2,Wild,Vocals|Keys|Drums|Keys,"R&B, Hip-Hop/Rap",S01,C151,2017-12-04,Bomb,,Playlist Pack,115,A Minor,Gianna Ruggiero,,bb5cef65a20e737add3af570adc17d2c,
Technotronic,Pump Up The Jam,2,Lead,Vocals,Dance/Electronic,S01,C152,2017-12-04,Bomb,,Playlist Pack,128,C Minor,Hannah Christenson,,85e075263af85c3d0c212005db2deb30,
The Black Eyed Peas,Boom Boom Pow,3,Lead,Vocals,"Pop, Hip-Hop/Rap",S01,C153,2017-12-04,Bomb,,Playlist Pack,130,A Minor,Lauren Saint Onge,,696e45448d9f331329b53355fde6c006,
The Weeknd,Can't Feel My Face,1,Loop,Guitar,"R&B, Pop",S01,C154,2017-12-04,Bomb,,Playlist Pack,108,A Minor,Justin Froning,,487a4b33c963e92cac5d2a90f1422b1e,
Victoria Chance,Theme From Broken Protocol,1,Loop,Strings,"Soundtrack, Classical",S01,C155,2017-12-04,Bomb,,Playlist Pack,145,A Minor,Tony Astone,,05b50131ef661db2e4db696a8d302407,
Joliet,Better Wake Up,2,Loop,Sampler,Hip-Hop/Rap,S01,C156,2017-12-04,Bomb,,Playlist Pack,140,E Minor,Matthew Eng,,74763fb98dbead8db316f78c1fcd7e1c,
Skrewbert,The Game Got You,3,Loop,Keys,Dance/Electronic,S01,C157,2017-12-04,Bomb,,Playlist Pack,150,Gb Minor,Anne Szabla,,ab93fe075b5b4bd3814c6b6e51614a1f,
The Black Eyed Peas,Boom Boom Pow,1,Beat,Drums,"Pop, Hip-Hop/Rap",S01,C158,2017-12-04,Bomb,,Playlist Pack,130,n/a,Lauren Saint Onge,,57ffd23232111411eb90de9c28a5f763,
Victoria Chance,Theme From Broken Protocol,1,Beat,Drums,"Soundtrack, Classical",S01,C159,2017-12-04,Bomb,,Playlist Pack,145,n/a,Tony Astone,,3e3c00c23f4057c9cacba3dc51d0ea9e,
Salt-N-Pepa,Push It,2,Beat,Drums,Hip-Hop/Rap,S01,C160,2017-12-04,Bomb,,Playlist Pack,130,n/a,Jesse Philips,,35124aaf6de523cb9d53c29cbc6cbd56,
Joliet,Better Wake Up,3,Beat,Drums,Hip-Hop/Rap,S01,C161,2017-12-04,Bomb,,Playlist Pack,140,n/a,Matthew Eng,,f75f3ca602d3bf3c3aa47186090cc7bf,
Technotronic,Pump Up The Jam,2,Bass,Keys,Dance/Electronic,S01,C162,2017-12-04,Bomb,,Playlist Pack,128,C Minor,Hannah Christenson,,5f5ff2469c4fd6050fe00bd0dca7636e,
Victoria Chance,Theme From Broken Protocol,3,Bass,Strings,"Soundtrack, Classical",S01,C163,2017-12-04,Bomb,,Playlist Pack,145,A Minor,Tony Astone,,3c0cb7a8ea5d736ffcdc84f3fbeab552,
FX,Third Wave,2,White,FX,Hip-Hop/Rap,S01,C164,2017-12-04,Bomb,,Playlist Pack,110,n/a,Jeff Lowry,Play an extra Strings card,8f96a50ad80250c05de7c8e1da6c1de0,
FX,First Chair,2,White,FX,Hip-Hop/Rap,S01,C165,2017-12-04,Bomb,,Playlist Pack,100,E Minor,Jeff Lowry,+2 points for each Strings card,67fd19bcee08f7e39e7c3d0130c6845e,
New Order,Blue Monday,2,Wild,Vocals|Keys|Drums|Guitar,"Rock, Dance/Electronic",S01,C166,2018,Chiller,,Playlist Pack,131,D Minor,Lauren Saint Onge,,e091ab3194e8a2c55283a6622a445920,
James Landino,Break For Me,2,Lead,Vocals,"Dance/Electronic, Pop",S01,C167,2018,Chiller,,Playlist Pack,121,F Minor,Bryan Olson,,64ed4da3a377c299d3c008ec17041bdc,
Afrojack,Take Over Control,3,Lead,Vocals,Dance/Electronic,S01,C168,2018,Chiller,,Playlist Pack,130,C Minor,Luke Drozd,,9c0ece36805b564369e55f67b299088a,
Altar State,This One Not That One,1,Loop,Keys,Dance/Electronic,S01,C169,2018,Chiller,,Playlist Pack,128,E Major,Scott Campbell,,5693de82003a6f2d2e7c0a8a2aa90872,
Tiny Taps,Dead Metrocard,1,Loop,Keys,Dance/Electronic,S01,C170,2018,Chiller,,Playlist Pack,144,E Minor,Richard Humphreys,,e55cb667364c9cc0f6611ee2388b216e,
CHVRCHES,The Mother We Share,2,Loop,Keys,Dance/Electronic,S01,C171,2018,Chiller,,Playlist Pack,87,Db Major,Alison Polston,,7972e7ec0be9bdf8328ddce392bb4826,
Lossage,Moon Lab,3,Loop,Sampler,Dance/Electronic,S01,C172,2018,Chiller,,Playlist Pack,107,Gb Minor,Ryan Lesser,,2794bb57900aa3b8f595570622021758,
Jason Derulo,Want to Want Me,1,Beat,Drums,"Pop, R&B",S01,C173,2018,Chiller,,Playlist Pack,114,n/a,Alex Dos Diaz,,b103951891e4b4059835e4d57fc2a398,
The Chainsmokers,Closer,1,Beat,Drums,"Dance/Electronic, Pop",S01,C174,2018,Chiller,,Playlist Pack,95,n/a,Kevin Hong,,9eb2ed4ffe4936e6312b24c7eedb1d55,
Lossage,Moon Lab,2,Beat,Drums,Dance/Electronic,S01,C175,2018,Chiller,,Playlist Pack,107,n/a,Ryan Lesser,,7ba30ae6afc7904a7c80fd713be1287d,
Altar State,This One Not That One,3,Beat,Drums,Dance/Electronic,S01,C176,2018,Chiller,,Playlist Pack,128,n/a,Scott Campbell,,5feaf35c2c128e19797a4fb5ecd56c29,
Lossage,Moon Lab,2,Bass,Keys,Dance/Electronic,S01,C177,2018,Chiller,,Playlist Pack,107,Gb Minor,Ryan Lesser,,87384b920ec5d008cb16a1138cfc2b1f,
ODESZA,Say My Name,3,Bass,Keys,Dance/Electronic,S01,C178,2018,Chiller,,Playlist Pack,115,B Minor,Lauren Saint Onge,,84c82258a5b88ff0982560ff401165b6,
FX,Minor Lift,1,White,FX,Dance/Electronic,S01,C179,2018,Chiller,,Playlist Pack,139,A Major,John Knoerl,+1 point for each Level 1 card,f574f739e2a6caa176da5f0a5bcb46f3,
FX,Major Fall,3,White,FX,Dance/Electronic,S01,C180,2018,Chiller,,Playlist Pack,128,G Minor,John Knoerl,-3 points from both teams,93620393f8aee8aa281fab6141dffd08,
Hall & Oates,I Can't Go For That (No Can Do),2,Wild,Vocals|Keys|Drums|Guitar,"Rock, Pop",S01,C181,2017-09-24,Dapper,,Discover Pack,111,C Minor,Shawn Witt,,334b6ef9298811e668e846f13bb4e78d,0dc39de9a9ccc645909e99b260bcade5
Winnage,The Night Porter,1,Lead,Horns,"Dance/Electronic, R&B",S01,C182,2017-09-24,Dapper,,Discover Pack,129,G Minor,Jerod Barker,,aec53e28f58046b82de7bf9ee6b3f3b2,ed2a691eda7a7131c80c43e94b8033ee
LMFAO,Sexy And I Know It,2,Lead,Vocals,"Dance/Electronic, Hip-Hop/Rap",S01,C183,2017-09-24,Dapper,,Discover Pack,130,G Minor,Chris E. O'Neill,,3f35297ee453c20f8393430f36381880,04b835b04454d10d141a2ac6a88f7289
Marky Mark & The Funky Bunch,Good Vibrations,3,Lead,Vocals,"Hip-Hop/Rap, Pop",S01,C184,2017-09-24,Dapper,,Discover Pack,122,Bb Minor,Chris E. O'Neill,,2cd52bab5659999603e4f55495387321,643df171e655961ba6d113eebd90597f
Winnage,The Night Porter,1,Loop,Sampler,"Dance/Electronic, R&B",S01,C185,2017-09-24,Dapper,,Discover Pack,129,G Minor,Jerod Barker,,56ceee904b079ad4783d2396f8ad692f,4368f28c0f439825957a2f7b3bda849d
Gloria Gaynor,I Will Survive,2,Loop,Strings,"R&B, Dance/Electronic",S01,C186,2017-09-24,Dapper,,Discover Pack,116,A Minor,FREAK CITY,,766276eadd1cd7b0db507e15ee8e7f7d,7ceddbacdc0cc10d53bd241499cbdf72
Grant Pike,If You Get Down,3,Loop,Horns,"Pop, R&B",S01,C187,2017-09-24,Dapper,,Discover Pack,96,E Major,Justin Van Genderen,,be2a49a097e1b699128a649e35f31f87,58cd1f273cb75b90fa6ce4f328f6536c
Grant Pike,If You Get Down,1,Beat,Drums,"Pop, R&B",S01,C188,2017-09-24,Dapper,,Discover Pack,96,n/a,Justin Van Genderen,,aceff3e08fa68cd463048f2d2766a16d,d2abf183e02611abf12da829ec69bbba
Sia,Chandelier,2,Beat,Drums,Pop,S01,C189,2017-09-24,Dapper,,Discover Pack,87,n/a,Lisk Feng,,ae2630092786013895b4bbcf980c2246,f98130219ba06f158a581d2ed993f023
Gloria Gaynor,I Will Survive,3,Beat,Drums,"R&B, Dance/Electronic",S01,C190,2017-09-24,Dapper,,Discover Pack,116,n/a,FREAK CITY,,6cdf53a2eaf24c5592797742c448ba3b,9b7f6477f1628d2d8097cf5bb24a91a2
Grant Pike,If You Get Down,1,Bass,Guitar,"Pop, R&B",S01,C191,2017-09-24,Dapper,,Discover Pack,96,E Major,Justin Van Genderen,,eba7979ecb7c2fdb064bb734361a043e,8a2994752ded62037d4be55fc7ffc8fa
Freda Turner,Hard Light,2,Bass,Keys,"Pop, Dance/Electronic",S01,C192,2017-09-24,Dapper,,Discover Pack,128,E Minor,David Medel,,4a0a595cd9915b88fb1d97fb4c58a51e,baa92b093058a6688708f7849bc405f9
Marky Mark & The Funky Bunch,Good Vibrations,3,Bass,Guitar,"Hip-Hop/Rap, Pop",S01,C193,2017-09-24,Dapper,,Discover Pack,122,Bb Minor,Chris E. O'Neill,,fdb2cb5a80b06527352377f36d9c8e55,64e65e0cf937434b41ae7001629940c3
FX,Heart Song,2,White,FX,Pop,S01,C194,2017-09-24,Dapper,,Discover Pack,110,A Minor,James Weinberg,+2 points for each Horns card,c7b06efae2176ed37b3f4c081e15a9cf,ce0ab0cfbb8be414fea04fe398be4f35
FX,Head Rush,2,White,FX,Pop,S01,C195,2017-09-24,Dapper,,Discover Pack,104,n/a,Kimberly Salt,Play an extra Horns card,86237a419c97d5880ca958cdb3d5f4d2,b34aad1383c45b304cb88e9ca2a6cc8a
"Earth, Wind and Fire",September,2,Wild,Vocals|Horns|Drums|Guitar,"R&B, Dance/Electronic",S01,C196,2017-09-24,Seer,,Discover Pack,126,A Major,Eric Oppitz,,a9507a0e6a45c5c29c634600930f3a89,cab3a05c3500fbd9f9a5ff177a15ad96
Righteous Palms Crew,Take U 4 A Ride,1,Lead,Sampler,"Pop, Dance/Electronic",S01,C197,2017-09-24,Seer,,Discover Pack,135,A Minor,Vance Kelly,,e7932b451853cee467910d7ed0cfe882,55842f5d0e4ec578f341986461f3b582
Run DMC,It's Tricky,2,Lead,Vocals,Hip-Hop/Rap,S01,C198,2017-09-24,Seer,,Discover Pack,128,F Minor,Jason Dettmer,,00b1ba3411727c39a674699ebfd618af,f769ad12c952ea694f774045f6e961e3
Sean Paul,Temperature,3,Lead,Vocals,"Reggae/Reggaeton, Hip-Hop/Rap",S01,C199,2017-09-24,Seer,,Discover Pack,125,Bb Minor,Eric Oppitz,,b0b7669ca42b583df9e04f3a12aa507c,58433ed72e9486af883c9880976a5944
5 Bladed,Grimetime,1,Loop,Keys,Dance/Electronic,S01,C200,2017-09-24,Seer,,Discover Pack,143,Eb Minor,Andrew Vastagh,,7d45e6876e3bfd494f59e0327357e118,f2315bb8998f6768707510ffa5184365
Righteous Palms Crew,Take U 4 A Ride,2,Loop,Keys,"Pop, Dance/Electronic",S01,C201,2017-09-24,Seer,,Discover Pack,135,A Minor,Vance Kelly,,7ef5280fa94e37ddcf3f16dfa7a23387,c992d1e33ad27348abe1637b711efa3f
Fall Out Boy,Centuries,3,Loop,Keys,"Rock, Pop",S01,C202,2017-09-24,Seer,,Discover Pack,88,E Minor,YONIL,,0b6996953098d754f9997bcb3e1b9b8a,f8fd3709f691eb29b36faabc01271549
5 Bladed,Grimetime,1,Beat,Drums,Dance/Electronic,S01,C203,2017-09-24,Seer,,Discover Pack,143,n/a,Munk One,,742f360956f573fc9c5b893cc7c3cac6,b4277fb4c31423a3e50bf03d7841bf0d
TLC,No Scrubs,2,Beat,Drums,"R&B, Pop",S01,C204,2017-09-24,Seer,,Discover Pack,93,n/a,Kimberly Salt,,63deddc6293e852ae6e0a01e0279545a,2a9e156ddd2d7c3f8de778ec936f8e1a
The Jackson 5,I Want You Back,3,Beat,Drums,"R&B, Pop",S01,C205,2017-09-24,Seer,,Discover Pack,98,n/a,Conor Nolan,,e5a95083a2099ba0484259a68990cbf1,4015da3e7233155a1a55db1147ce1086
Run DMC,It's Tricky,1,Bass,Guitar,Hip-Hop/Rap,S01,C206,2017-09-24,Seer,,Discover Pack,128,F Minor,Jason Dettmer,,f7c1a02aed40556a8c68cd32d360f969,e513f358eb0b6087a4902d04fca02b62
The Jackson 5,I Want You Back,2,Bass,Guitar,"R&B, Pop",S01,C207,2017-09-24,Seer,,Discover Pack,98,Ab Major,Conor Nolan,,baae7a8e13305e716fcb9d565eb15888,8ba80d1900fe46061b00ac1ec348e246
Righteous Palms Crew,Take U 4 A Ride,3,Bass,Keys,"Pop, Dance/Electronic",S01,C208,2017-09-24,Seer,,Discover Pack,135,A Minor,Vance Kelly,,72986082126cc6a0216be4b0c7dc9dac,104bb7ef96801b359dda313f99b86367
FX,Alacrity,2,White,FX,Hip-Hop/Rap,S01,C209,2017-09-24,Seer,,Discover Pack,109,D Minor,Todd Slater,Play an extra Level 1 card,ba9e06bce99bc98f62c2ea6f44053e63,bfa34fcbc8855cdde2a67fe7091a712f
FX,Acrimony,2,White,FX,Hip-Hop/Rap,S01,C210,2017-09-24,Seer,,Discover Pack,90,Eb Minor,Todd Slater,Clear all opponent Red cards,1c78fc743c5e5870a5f218995443aff8,aca671cba04510d88952798fecb22641
Europe,The Final Countdown,2,Wild,Vocals|Keys|Drums|Guitar,Rock,S01,C211,2017-09-24,Hightower,,Discover Pack,117,Gb Minor,Dan Stiles,,74c813442e588a7a425300cd96e788b9,4bea2a18784e4bf4b887ed392d1f59b9
Weezer,King of the World,1,Lead,Vocals,"Rock, Pop",S01,C212,2017-09-24,Hightower,,Discover Pack,80,Gb Major,Hannah Lawler,,b6a1e16dc70a44f90d0fb455063e6744,c2cbca304e859824b3e89b61e26f7445
Cake,Short Skirt Long Jacket,2,Lead,Vocals,Rock,S01,C213,2017-09-24,Hightower,,Discover Pack,120,D Major,Tanner Griepentrog,,a950de02ee5e71e4584d580c8ce5a40a,6d5264b889fa8b0e75da96ef87ec709c
Imagine Dragons,Radioactive,3,Lead,Vocals,"Rock, Pop",S01,C214,2017-09-24,Hightower,,Discover Pack,137,B Minor,Lauren Saint Onge,,a568d34af27b223e40463ea23a153d47,901cba71322deb08dcb176593c830738
Black Astrolabe,Parabola,1,Loop,Keys,Rock,S01,C215,2017-09-24,Hightower,,Discover Pack,110,G Major,Lauren Saint Onge,,b3c6ea2479c9e6d7c8f315adeacd011d,899e1719e781d64745e3d07ba5f77704
Imagine Dragons,Radioactive,2,Loop,Guitar,"Rock, Pop",S01,C216,2017-09-24,Hightower,,Discover Pack,137,B Minor,Lauren Saint Onge,,6abc2619ad6499b185d46116584aa15d,34115531480a1f3186b63cf8844bc4c3
Pale Shivers,The Exquisite Corpse,3,Loop,Guitar,Rock,S01,C217,2017-09-24,Hightower,,Discover Pack,128,E Minor,Leslie Herman,,038da7c2689a6767ffba96ed1061bd2b,0bb15764df96b72cae986b18c4ebe2ac
Pale Shivers,The Exquisite Corpse,1,Beat,Drums,Rock,S01,C218,2017-09-24,Hightower,,Discover Pack,128,n/a,Leslie Herman,,a1c4f2fd4746505b52a78e39740ab975,f0897d7d183114d77deb5792c0aa5839
Franz Ferdinand,Take Me Out,2,Beat,Drums,Rock,S01,C219,2017-09-24,Hightower,,Discover Pack,104,n/a,Ian Jepson,,df60435a722008ae84991566d2a42134,3c07f0b7377410def5d0ad329872ce30
Black Astrolabe,Parabola,3,Beat,Drums,Rock,S01,C220,2017-09-24,Hightower,,Discover Pack,110,n/a,Lauren Saint Onge,,376f90fca3fe3875a50416138855aef1,643f2a897e62cc4f0756538f635303aa
Franz Ferdinand,Take Me Out,1,Bass,Guitar,Rock,S01,C221,2017-09-24,Hightower,,Discover Pack,104,E Minor,Ian Jepson,,a5410a4a3b8279cad302afc1ef659838,d5c92d6080ec290793f5ac7502f5daa1
Weezer,King of the World,2,Bass,Guitar,"Rock, Pop",S01,C222,2017-09-24,Hightower,,Discover Pack,80,Gb Major,Hannah Lawler,,b13e539b6b4ae28780307c35a1d85e64,e430a5892e50244848eb6f26bad03dda
Cake,Short Skirt Long Jacket,3,Bass,Guitar,Rock,S01,C223,2017-09-24,Hightower,,Discover Pack,120,D Major,Tanner Griepentrog,,82e08352f32696f7ac3b0df1bef8506d,8bfa38ffb702208df8cc3ce6da24fd0a
FX,Bottom Line,2,White,FX,Rock,S01,C224,2017-09-24,Hightower,,Discover Pack,130,B Minor,YONIL,Play an extra Green card,dfeab2a4cd623dc4526fa0ccfcd04f73,1a873946c16c644e4cfa7dc89cb7d920
FX,Face Melter,2,White,FX,Rock,S01,C225,2017-09-24,Hightower,,Discover Pack,120,E Minor,YONIL,+1 point for each Guitar card,651a564e6e31ce3267d67783e27ef28f,da54d0dc0a687479d3d525fd4f8c3f86
Young M.C.,Bust A Move,2,Wild,Vocals|Sampler|Drums|Guitar,Hip-Hop/Rap,S01,C226,2017-09-24,Puff,,Discover Pack,118,E Minor,Todd Slater,,7a1ff5eb2a55e0d35891c19e438723c9,781fbf92d228622de98bbe3a60f5162b
Billzantium,Wishin' I Had It Now,1,Lead,Sampler,Dance/Electronic,S01,C227,2017-09-24,Puff,,Discover Pack,150,G Minor,Elio Moavero,,879503f723be2bd0b5d061bf70d179e4,da7933975a5a0fdc274f859db572338b
CHVRCHES,The Mother We Share,2,Lead,Vocals,Dance/Electronic,S01,C228,2017-09-24,Puff,,Discover Pack,87,Db Major,Alison Polston,,30cb78870c69a1b340dfcbbb59a445f6,6e2b3eae2fe9c25d3a3ab14400a2902a
Duck Sauce,Barbra Streisand,3,Lead,Vocals,Dance/Electronic,S01,C229,2017-09-24,Puff,,Discover Pack,128,Eb Minor,F4D Studios,,f0cfce62c23a6c18e96537eb5a0e0d74,c910aaa506370500cd608bf068f361ae
Billzantium,Wishin' I Had It Now,1,Loop,Keys,Dance/Electronic,S01,C230,2017-09-24,Puff,,Discover Pack,150,G Minor,Elio Moavero,,d63ca0f1c14d5cb43f7bf2091d64ad97,c0dc1e61b913eae8c5748bde8b215b27
Kyangi 3,Doki Doki Summer Days,2,Loop,Keys,"Soundtrack, Dance/Electronic",S01,C231,2017-09-24,Puff,,Discover Pack,140,Eb Minor,ZELOOT,,00dbca2347387776f578c51179ae0f8e,33638c2afb098dea24fa92c62fac5653
Duck Sauce,Barbra Streisand,3,Loop,Keys,Dance/Electronic,S01,C232,2017-09-24,Puff,,Discover Pack,128,Eb Minor,F4D Studios,,ab3cb20c51e390d0c8ca1656155fe8f3,f72095340aff4cdf46960474333656ad
Ed Sheeran,Sing,1,Beat,Drums,"Pop, Rock",S01,C233,2017-09-24,Puff,,Discover Pack,120,n/a,Ashley Mackenzie,,2524c08a6cc9c0c131ef6aff455e35d6,e91980acef548d7285096a6569bca232
Kyangi 3,Doki Doki Summer Days,2,Beat,Drums,"Soundtrack, Dance/Electronic",S01,C234,2017-09-24,Puff,,Discover Pack,140,n/a,ZELOOT,,797a8e71ab2ad178340d4de65753a4cd,21fa0021d2bdb9c9040069cf51ed492b
Miike Snow,Genghis Khan,3,Beat,Drums,Dance/Electronic,S01,C235,2017-09-24,Puff,,Discover Pack,94,n/a,Saeed Abu-Jaber,,1a4e7ea55c0376d74261754c400cdab2,8e689d7f104c25a592b662b899e33c56
CHVRCHES,The Mother We Share,1,Bass,Keys,Dance/Electronic,S01,C236,2017-09-24,Puff,,Discover Pack,87,Db Major,Alison Polston,,b170a6524396bca0bfbe59c2d7d116a6,c09a479b16580224379c0fa52d3dfed0
Kyangi 3,Doki Doki Summer Days,2,Bass,Keys,"Soundtrack, Dance/Electronic",S01,C237,2017-09-24,Puff,,Discover Pack,140,Eb Minor,ZELOOT,,ae2c1d3cc5260ec2de6bf1cce1780c37,e09c502ab9a3844ae2c5f6328efde099
Billzantium,Wishin' I Had It Now,3,Bass,Keys,Dance/Electronic,S01,C238,2017-09-24,Puff,,Discover Pack,150,G Minor,Elio Moavero,,fb80808793d667a5a78cc18be0d5f2f0,e972bf8737cb1eeb6dc020d3c9fca65c
FX,Pulsar,2,White,FX,Dance/Electronic,S01,C239,2017-09-24,Puff,,Discover Pack,128,E Minor,Jeff Lowry,+2 points for each Sampler card,f7c46fd152aac395fe6cb97ff54a640b,c191be1dd1ced5a23cbd1b737e8e2752
FX,Eclipser,3,White,FX,Dance/Electronic,S01,C240,2017-09-24,Puff,,Discover Pack,128,D Minor,Jeff Lowry,Clear opponent Yellow card,cb4455e38206432631ea71395e9089f6,873a03cadd8467fa9a074cb81838d3ba
Commodores,Brick House,2,Wild,Vocals|Horns|Drums|Guitar,R&B,S01,C241,2018-01-16,Fever,,Discover Pack,106,A Minor,Todd Slater,,ab493cd98a5437a3aac8c6170ca50a2b,
Francesca Sonora,You Didn't But You Had To,1,Lead,Keys,Pop,S01,C242,2018-01-16,Fever,,Discover Pack,122,C Minor,Jarom Vogel,,d0deebf7a056b685b05cedfb60bb5a94,
Bell Biv Devoe,Poison,2,Lead,Vocals,R&B,S01,C243,2018-01-16,Fever,,Discover Pack,112,Gb Minor,Burcu Korkmazyürek,,5cbc9d89b469548403f65dc334288931,
Ricky Martin,La Mordidita (Ft. Yotuel),3,Lead,Vocals,"Latin, Pop",S01,C244,2018-01-16,Fever,,Discover Pack,142,E Minor,Gianna Ruggiero,,fe9571e31c3ddd2887694ea155701d7e,
La Guerra Naranja,Una Noche Más,1,Loop,Keys,"Pop, Latin",S01,C245,2018-01-16,Fever,,Discover Pack,96,F Minor,George Bletsis,,c7a4076c1284f410815baf4f07db4fc1,
Carly Rae Jepsen,Call Me Maybe,2,Loop,Guitar,Pop,S01,C246,2018-01-16,Fever,,Discover Pack,120,G Major,Sander Berg,,92cf290cc6ea0a666fb5c8d4e7cbecb6,
Francesca Sonora,You Didn't But You Had To,3,Loop,Keys,Pop,S01,C247,2018-01-16,Fever,,Discover Pack,122,C Minor,Jarom Vogel,,6ee526129d9dc3328c6f2fedaf3f711b,
Walk the Moon,Shut Up And Dance,1,Beat,Drums,"Rock, Pop",S01,C248,2018-01-16,Fever,,Discover Pack,128,n/a,Daniela López,,a8123d7efac94bd9d8f1f7c8c824891c,
Bell Biv Devoe,Poison,2,Beat,Drums,R&B,S01,C249,2018-01-16,Fever,,Discover Pack,112,Gb Minor,Burcu Korkmazyürek,,b7435314bebef3ba79bfb95da436e159,
La Guerra Naranja,Una Noche Más,3,Beat,Drums,"Pop, Latin",S01,C250,2018-01-16,Fever,,Discover Pack,96,n/a,George Bletsis,,b77ed900956790cad83c521354464138,
Ricky Martin,La Mordidita (Ft. Yotuel),1,Bass,Guitar,"Latin, Pop",S01,C251,2018-01-16,Fever,,Discover Pack,142,E Minor,Gianna Ruggiero,,4efab0a7655746da310c8f51e85e52ce,
Walk the Moon,Shut Up And Dance,2,Bass,Guitar,"Rock, Pop",S01,C252,2018-01-16,Fever,,Discover Pack,128,Db Major,Daniela López,,22f7895efcec0d0066404b43febe6cd0,
Francesca Sonora,You Didn't But You Had To,3,Bass,Keys,Pop,S01,C253,2018-01-16,Fever,,Discover Pack,122,C Minor,Jarom Vogel,,3427ed6f818809212c64b71b9b70ce80,
FX,Racing Through,2,White,FX,Pop,S01,C254,2018-01-16,Fever,,Discover Pack,120,Ab Minor,Jennifer Lesser,Play an extra Yellow card,a4633025fef15a5bb16c77d36f390842,
FX,Soaring Above,2,White,FX,Pop,S01,C255,2018-01-16,Fever,,Discover Pack,124,C Minor,Jennifer Lesser,+2 points for a Yellow card,7164a7b4f09cd716473b83a48c5d587e,
Kool & The Gang,Jungle Boogie,2,Wild,Vocals|Horns|Drums|Guitar,"R&B, Dance/Electronic",S01,C256,2018-01-16,Breaker,,Discover Pack,97,G Minor,Gianna Ruggiero,,674e3d364ac7e06acf5a258c5189daaa,
Far East Movement,Like A G6,1,Lead,Vocals,"Dance/Electronic, Hip-Hop/Rap",S01,C257,2018-01-16,Breaker,,Discover Pack,125,G Minor,Lauren Saint Onge,,5a2de1e56c96e22393296f8f5cc276fa,
Bignums,Larry's Place (Part II),2,Lead,Vocals,Hip-Hop/Rap,S01,C258,2018-01-16,Breaker,,Discover Pack,150,E Minor,Jim Mazza,,534f5beff27b9e803503494bef690715,
Flo Rida,"I Don't Like It, I Love It",3,Lead,Vocals,"Hip-Hop/Rap, Pop",S01,C259,2018-01-16,Breaker,,Discover Pack,118,D Minor,Whitney Lam,,4372646f9ecdf3f9edfe826f7dacf448,
Free Sheets,Don't You Dare,1,Loop,Keys,Hip-Hop/Rap,S01,C260,2018-01-16,Breaker,,Discover Pack,150,Eb Minor,Gianna Ruggiero,,420a608cfee310e9109981de6feb48c7,
Macrotape,Barcoded,2,Loop,Keys,"Rock, Dance/Electronic",S01,C261,2018-01-16,Breaker,,Discover Pack,132,E Minor,Hannah Christenson,,f4ab53254b25ec9fbe5b15c9dcece4f4,
Marky Mark & The Funky Bunch,Good Vibrations,3,Loop,Keys,"Hip-Hop/Rap, Pop",S01,C262,2018-01-16,Breaker,,Discover Pack,122,Bb Minor,Chris E. O'Neill,,ff7d380b2a09ae2071c029a8ace61aec,
Free Sheets,Don't You Dare,1,Beat,Drums,Hip-Hop/Rap,S01,C263,2018-01-16,Breaker,,Discover Pack,150,n/a,Gianna Ruggiero,,07ba34d66cc57f9f8cbe17567d4292cb,
Marky Mark & The Funky Bunch,Good Vibrations,2,Beat,Drums,"Hip-Hop/Rap, Pop",S01,C264,2018-01-16,Breaker,,Discover Pack,122,n/a,Chris E. O'Neill,,6bb9cdc677b2a782a6ec2f22d9a88c09,
Macrotape,Barcoded,3,Beat,Drums,"Rock, Dance/Electronic",S01,C265,2018-01-16,Breaker,,Discover Pack,132,n/a,Hannah Christenson,,045d94d869e4e22881eee9fac13fbd95,
TLC,No Scrubs,1,Bass,Keys,"R&B, Pop",S01,C266,2018-01-16,Breaker,,Discover Pack,93,Ab Minor,Kimberly Salt,,92a719578c9cbd9615ac24cf91e9c05b,
Flo Rida,"I Don't Like It, I Love It",2,Bass,Guitar,"Hip-Hop/Rap, Pop",S01,C267,2018-01-16,Breaker,,Discover Pack,118,D Minor,Whitney Lam,,005a9d9aef6c628ce4964e06ef101f55,
Far East Movement,Like A G6,3,Bass,Keys,"Dance/Electronic, Hip-Hop/Rap",S01,C268,2018-01-16,Breaker,,Discover Pack,125,G Minor,Lauren Saint Onge,,7bd012c4169e9073d6a87974b997dc1b,
FX,Guardian Spirit,2,White,FX,Hip-Hop/Rap,S01,C269,2018-01-16,Breaker,,Discover Pack,90,E Major,Anne Szabla,Play an extra Sampler card,de70978c09b5190a79b56a58171770ce,
FX,Pack Mentality,2,White,FX,Hip-Hop/Rap,S01,C270,2018-01-16,Breaker,,Discover Pack,110,n/a,Anne Szabla,+1 point for each Keys card,a46a9dbda4b55de59dccafeaf7de5871,
Vampire Weekend,A-Punk,2,Wild,Vocals|Guitar|Drums|Guitar,Rock,S01,C271,2018-01-16,Socket,,Discover Pack,88,D Major,Jennifer Lesser,,279102558d32a11c7d46fd7eaf4d7a09,
Franz Ferdinand,Take Me Out,1,Lead,Vocals,Rock,S01,C272,2018-01-16,Socket,,Discover Pack,104,E Minor,Ian Jepson,,e900a45d7dc41299655c06fe39559be5,
Skrewbert,The Game Got You,2,Lead,Sampler,Dance/Electronic,S01,C273,2018-01-16,Socket,,Discover Pack,150,Gb Minor,Anne Szabla,,360cfef2e9ee88fe01894d5c2d783745,
Fall Out Boy,Centuries,3,Lead,Vocals,"Rock, Pop",S01,C274,2018-01-16,Socket,,Discover Pack,88,E Minor,YONIL,,101d0ed152567ee1c0f52caf25a555c9,
Pinhole Cage,Just About To Snap,1,Loop,Keys,Rock,S01,C275,2018-01-16,Socket,,Discover Pack,120,D Minor,Anthony Petrie,,34a32075639a532c264949b384a44504,
Panic! At the Disco,Emperor's New Clothes,2,Loop,Horns,"Rock, Pop",S01,C276,2018-01-16,Socket,,Discover Pack,95,Eb Minor,Zach Johnsen,,3e214109e7a513a2a565f5f8e8f6da18,
Franz Ferdinand,Take Me Out,3,Loop,Guitar,Rock,S01,C277,2018-01-16,Socket,,Discover Pack,104,E Minor,Ian Jepson,,7572aa5a60b9546301252b2d7cf8eba4,
Evanescence,Bring Me To Life,1,Beat,Drums,Rock,S01,C278,2018-01-16,Socket,,Discover Pack,95,n/a,Kate O'Hara,,a5892f31c16a9150925fc919162ed46e,
Bignums,Larry's Place (Part II),2,Beat,Drums,Hip-Hop/Rap,S01,C279,2018-01-16,Socket,,Discover Pack,150,n/a,Jim Mazza,,b4ee13ff1f42941e29c5b34769073f67,
Fall Out Boy,Centuries,3,Beat,Drums,"Rock, Pop",S01,C280,2018-01-16,Socket,,Discover Pack,88,n/a,YONIL,,694841d58e5280f0109c44d89ec4fe4f,
Imagine Dragons,Radioactive,1,Bass,Keys,"Rock, Pop",S01,C281,2018-01-16,Socket,,Discover Pack,137,B Minor,Lauren Saint Onge,,983600730af195332686e452c73f1076,
Pinhole Cage,Just About To Snap,2,Bass,Guitar,Rock,S01,C282,2018-01-16,Socket,,Discover Pack,120,D Minor,Anthony Petrie,,5848933d39dc21ae5f46a956066ca1c1,
Panic! At The Disco,Emperor's New Clothes,3,Bass,Guitar,"Rock, Pop",S01,C283,2018-01-16,Socket,,Discover Pack,95,Eb Minor,Zach Johnsen,,f9dad4963c866ed6299176bb9cbdb900,
FX,Wildin',1,White,FX,Rock,S01,C284,2018-01-16,Socket,,Discover Pack,80,E Minor,FREAK CITY,"Clear all Green, Blue, Red, Yellow cards",078adfc82420bf5b8ea3a8928a2809e5,
FX,Stylin',2,White,FX,Rock,S01,C285,2018-01-16,Socket,,Discover Pack,122,E Minor,FREAK CITY,Play an extra Keys card,5323d1b7546438c00fe5edf6f1226a65,
Dolly Parton,Jolene,2,Wild,Vocals|Guitar|Drums|Guitar,Country,S01,C286,2018-01-16,Moonlight,,Discover Pack,112,Db Minor,Kate O'Hara,,350fa5b2afb5b9ca0e96539955965a66,
Connecticut River Boys,Must Be Nice,1,Lead,Guitar,Country,S01,C287,2018-01-16,Moonlight,,Discover Pack,120,G Major,Andrew Vastagh,,6f1d98d9ebc865bd4f2d1cad0791d2fc,
Sam Hunt,House Party,2,Lead,Vocals,"Country, Pop",S01,C288,2018-01-16,Moonlight,,Discover Pack,104,Eb Major,Justin Santora,,bfdc0a10646c70e195e0aaed9bf92ae5,
Poison,Every Rose Has Its Thorn,3,Lead,Vocals,Rock,S01,C289,2018-01-16,Moonlight,,Discover Pack,82,Gb Major,Michael Byzewski,,8886f8d8b51b29bbc9491ce60048ac19,
Some Lover,"Days Ahead, Days Behind",1,Loop,Keys,"Country, Rock",S01,C290,2018-01-16,Moonlight,,Discover Pack,124,C Major,Chris Koehler,,239f17832e7fb246db5d32b446a789e4,
Zac Brown Band,Homegrown,2,Loop,Strings,Country,S01,C291,2018-01-16,Moonlight,,Discover Pack,105,Gb Major,Charlie Wagers,,37ef0f03a03aefff3ac08c8180b0f1e8,
Poison,Every Rose Has Its Thorn,3,Loop,Guitar,Rock,S01,C292,2018-01-16,Moonlight,,Discover Pack,82,Gb Major,Michael Byzewski,,105b064285a343d47fffbc680f4bfb2a,
Boot Steel,Rowdier The Better,1,Beat,Drums,"Country, Pop",S01,C293,2018-01-16,Moonlight,,Discover Pack,99,n/a,Eric Nyffeler,,eaa75751416149290f8c5e8402222135,
Connecticut River Boys,Must Be Nice,2,Beat,Drums,Country,S01,C294,2018-01-16,Moonlight,,Discover Pack,120,n/a,Andrew Vastagh,,807c6be793011208d8cdf5fb7c65d7df,
Big & Rich,Save A Horse (Ride A Cowboy),3,Beat,Drums,Country,S01,C295,2018-01-16,Moonlight,,Discover Pack,102,n/a,Adam Hill,,78f1dad5cd8e6986af3d90f72d8a14d4,
Some Lover,"Days Ahead, Days Behind",1,Bass,Guitar,"Country, Rock",S01,C296,2018-01-16,Moonlight,,Discover Pack,124,C Major,Chris Koehler,,8aab92c7edb81bf4e6e704b19975c815,
Big & Rich,Save A Horse (Ride A Cowboy),2,Bass,Guitar,Country,S01,C297,2018-01-16,Moonlight,,Discover Pack,102,E Major,Adam Hill,,451118f040ffad93865c7c01591a5f9e,
Zac Brown Band,Homegrown,3,Bass,Guitar,Country,S01,C298,2018-01-16,Moonlight,,Discover Pack,105,Gb Major,Charlie Wagers,,2669e25e620955831ecad4a159e516e0,
FX,Team of Horses,2,White,FX,Country,S01,C299,2018-01-16,Moonlight,,Discover Pack,120,n/a,Anthony Petrie,Play an extra Blue card,69bbfbfa49f1e50d904d8073bde7a96d,
FX,Conspiracy of Ravens,3,White,FX,Country,S01,C300,2018-01-16,Moonlight,,Discover Pack,100,n/a,Anthony Petrie,Clear opponent Green card,d915c95af66fc6e38dd28a7d66b79a69,
Beethoven,5th Symphony,3,Lead,Strings,Classical,S01,C301,2017-09-24,Baffler,,Playlist Pack,96,C Minor,Leslie Herman,Hidden card included in the Derby playlist pack,64c2c8740bd79769eb4e119b3c876665,
Harmonix Music,Doctor Who Theme,3,Lead,Keys,Soundtrack,S01,C302,2017-09-24,Baffler,,Playlist Pack,139,E Minor,DKNG Studios LLC,Hidden card included in the Astro playlist pack,0e9feebcdabe3c2c36f525501b528324,
Harmonix Music,Baker Street,3,Lead,Horns,?,S01,C303,2018,Baffler,,Playlist Pack,113,D Minor,Shawn Witt,Hidden card included in the Chiller playlist pack,23f93cced698526cb822fadb75c9e780,
LEN,Steal My Sunshine,3,Lead,Vocals,"Rock, Hip-Hop/Rap",S01,C304,2017-09-24,Baffler,,Playlist Pack,96,E Major,Justin Froning,Hidden card included in the Ouroboros playlist pack,8954fc4a05eba671c523c196efd0c17f,
Connecticut River Boys,Didgeridoo Stomp,3,Loop,Sampler,Country,S01,C305,2018-01-24,Baffler,,Playlist Pack,120,Bb Major,Anne Szabla,Hidden card included in the Lucky playlist pack,9930992c8b04919cfc466ded885715dd,
Harmonix Music,Wipe Out,3,Loop,Guitar,Rock,S01,C306,2017-11-30,Baffler,,Playlist Pack,150,B Major,Lauren Saint Onge,Hidden card included in the Flawless playlist pack,d5ce23c0d86804aec2935bc17686fd4f,
Davis Franklin,Beat Boxer,3,Beat,Vocals,Hip-Hop/Rap,S01,C307,2017-09-24,Baffler,,Playlist Pack,130,n/a,Jeff Lowry,Hidden card included in the Mirrors playlist pack,02e1c201db393eb2f5d81e1bb8096c6f,
Bach,Cello Suite No. 1 in G Major,3,Bass,Strings,Classical,S01,C308,2017-12-04,Baffler,,Playlist Pack,100,G Major,Anne Szabla,Hidden card included in the Bomb playlist pack,24447377d4c7ea956899d0b082e9ef00,